episode,learning_rate_0.1,learning_rate_0.01,learning_rate_0.001
1,27787.91,28126.91354,22729.91354
2,28440.91,28111.91354,22913.91354
3,29593.91,27069.91354,22241.91354
4,31270.91,25003.91354,23260.91354
5,30845.91,28377.91354,21475.91354
6,29229.91,27834.91354,23091.91354
7,29466.91,29067.91354,23542.91354
8,29114.91,28939.91354,22995.91354
9,30865.91,29400.91354,21422.91354
10,32142.91,28958.91354,23594.91354